{
  "DataIOParam": {
      "GUEST": [
      {
        "dataset_name": "breasta",
        "primary_key": "id",
        "features": ["x0","x1", "x2", "x3", "x4", "x5", "x6",
        "x7", "x8", "x9", "x10", "x11", "x12", "x13", "x14", "x15", "x16", "x17", "x18", "x19"],
        "label": "None"
      }
    ],

    "HOST": [
      {
        "dataset_name": "breastb",
        "primary_key": "id",
        "features": ["x0","x1", "x2", "x3", "x4", "x5", "x6", "x7", "x8", "x9"],
        "label": "y"
      }
    ]
  }
}

