{
    "WorkFlowParam": {
        "method": "train"
    },
    "InitParam": {
        "init_method": "random_uniform",
        "fit_intercept": true
    },
    "EvaluateParam":{
        "metrics": ["auc", "precision"],
        "classi_type": "binary",
        "pos_label": 1,
        "predict_threshold": [0.5]
    },
    "LogisticParam": {
        "penalty": "L2",
        "optimizer": "sgd",
        "eps": 1e-5,
        "alpha": 0.01,
        "max_iter": 10,
        "converge_func": "diff",
        "batch_size": 320,
        "learning_rate": 0.15
    }
}
